actor2,event_count,inter2
Civilians (Myanmar),33264,Civilians
Military Forces of Myanmar (2021-),20026,State forces
KIO/KIA: Kachin Independence Organization/Kachin Independence Army,3099,Rebel group
ULA/AA: United League of Arakan/Arakan Army,1903,Rebel group
Police Forces of Myanmar (2021-),1788,State forces
PSLF/TNLA: Palaung State Liberation Front/Ta'ang National Liberation Army,1505,Rebel group
Unidentified Anti-Coup Armed Group,1416,Political militia
KNU/KNLA: Karen National Union/Karen National Liberation Army,1226,Rebel group
Pyu Saw Htee,1150,Political militia
Unidentified Armed Group (Myanmar),444,Political militia
MNTJP/MNDAA: Myanmar National Truth and Justice Party/Myanmar National Democratic Alliance Army,380,Rebel group
SSPP/SSA-N: Shan State Progress Party/Shan State Army-North,347,Rebel group
RCSS/SSA-S: Restoration Council of Shan State/Shan State Army-South,345,Rebel group
Military Forces of Myanmar (2011-2016),311,State forces
KNDF: Karenni Nationalities Defense Force,289,Political militia
Military Forces of Myanmar (2016-2021),210,State forces
PDF: People's Defense Force,191,Political militia
Military Forces of Myanmar (2021-) People's Militia Force,183,State forces
KNPP/KA: Karenni National Progressive Party/Karenni Army,143,Rebel group
Police Forces of Myanmar (2011-2016),131,State forces
PNLO/PNLA: Pa-Oh National Liberation Organization/Pa-Oh National Liberation Army,122,Rebel group
Police Forces of Myanmar (2021-) Border Guard Police,111,State forces
Police Forces of Myanmar (2016-2021),104,State forces
CNF/CNA: Chin National Front/Chin National Army,99,Rebel group
DKBA (Benevolent): Democratic Karen Benevolent Army (2010-),98,Rebel group
Military Forces of Myanmar (2021-) Border Guard Force,96,State forces
People's Defense Force - Mandalay,92,Political militia
Chinland Defense Force - Mindat,92,Political militia
NA-B: Northern Alliance,80,Rebel group
Civilians (China),77,Civilians
People's Defense Force - Pekon,59,Political militia
ARSA: Arakan Rohingya Salvation Army,58,Rebel group
People's Defense Force - Demoso,57,Political militia
Brotherhood Alliance,51,Rebel group
CNO/CNDF: Chin National Organization/Chin National Defense Force,49,Political militia
People's Defense Force - Kalay,48,Political militia
Chinland Defense Force - Matupi,47,Political militia
People's Defense Force - Myeik District,47,Political militia
Rioters (Myanmar),44,Rioters
SNA: Shanni Nationalities Army,42,Political militia
KNDO: Karen National Defense Organization,38,Rebel group
Civilians (Bangladesh),37,Civilians
People's Defense Force - Myaing,37,Political militia
Chinland Defense Force - Kanpetlet,36,Political militia
Chinland Defense Force - Thantlang,35,Political militia
Cobra Column,35,Political militia
DKBA (Buddhist): Democratic Karen Buddhist Army (2016-),34,Political militia
Chinland Defense Force - Hakha,34,Political militia
Police Forces of Myanmar (2021-) Prison Guards,31,State forces
MBT: Myingyan Black Tiger,30,Political militia
MBPDF: Mobye People's Defense Force,30,Political militia
Police Forces of Myanmar (2016-2021) Border Guard Police,30,State forces
Chin Brotherhood Alliance,28,Political militia
CDF: Chinland Defense Force,27,Political militia
People's Defense Force - Thayarwady District,27,Political militia
NMSP/MNLA: New Mon State Party/Mon National Liberation Army,25,Rebel group
CDM: Civic Defense Militia - Siyin,25,Political militia
YDF: Yaw Defense Force,22,Political militia
BNRA: Burma National Revolutionary Army,22,Political militia
Kaw Thoo Lei Army,21,Political militia
CDF-KKG: Chinland Defense Force - Kalay-Kabaw-Gangaw,21,Political militia
People's Defense Force - Shwebo District,20,Political militia
People's Defense Force - Gangaw District,20,Political militia
People's Defense Force - Minbu District,20,Political militia
NTDF: Northern Thandaung Defense Force,20,Political militia
PPDF: Pale People's Defense Force,20,Political militia
PNO/PNA: Pa-Oh National Organization/Pa-Oh National Army,20,Political militia
Government of Myanmar (2021-) State Administration Council,19,State forces
Zomi Federal Union/People's Defense Force - Zoland,19,Political militia
People's Defense Force - Katha,19,Political militia
People's Defense Force - Nay Pyi Taw,19,Political militia
People's Defense Force - Kawlin District,19,Political militia
People's Defense Force - Tamu,19,Political militia
ABSDF: All Burma Students' Democratic Front,18,Rebel group
KRU: Karenni Revolution Union,18,Political militia
Rohingya Muslim Militia (Myanmar),18,Identity militia
People's Defense Force - Yinmarbin District,18,Political militia
People's Defense Force - Pakokku District,18,Political militia
People's Defense Force - Mingin,18,Political militia
KPDF: Karenni People's Defense Force,17,Political militia
People's Defense Force - Palaw,17,Political militia
People's Defense Force - Myingyan District,17,Political militia
Bat Ma Lite Pyauk Kyar Aphwe Tanintharyi Township: Impartial Guerrilla Group Tanintharyi Township,17,Political militia
UWSP/UWSA: United Wa State Party/United Wa State Army,17,Rebel group
DPLF/DPLA: Danu People's Liberation Front/Danu People's Liberation Army,16,Political militia
People's Defense Force - Yesagyo,16,Political militia
Lion Battalion Commando Special Force,15,Political militia
Kani People's Defense Force - KLG,15,Political militia
People's Security Force,14,Political militia
HPDF: Homalin People's Defense Force,14,Political militia
People's Defense Force - Tanintharyi,14,Political militia
CDSOM: Civilians Defense Security Organization Myaung,14,Political militia
People's Defense Force - Madaya,14,Political militia
People's Defense Force - Salin,13,Political militia
People's Defense Force - Kani,13,Political militia
People's Defense Force - Wetlet,12,Political militia
NSCN-K: National Socialist Council of Nagaland-Khaplang,12,Rebel group
ALP/ALA: Arakan Liberation Party/Arakan Liberation Army,12,Rebel group
MC-KC DF: Myit Chay- Kyun Chaung Defense Force,12,Political militia
IPDF: Inle People's Defense Force,12,Political militia
PLA: People's Liberation Army,12,Political militia
KNPLF: Karenni Nationalities People's Liberation Front,12,Political militia
People's Defense Force - Paungbyin,12,Political militia
People's Defense Force - Pauk,11,Political militia
People's Defense Force - Launglon,11,Political militia
People's Defense Force - Ye-U,11,Political militia
People's Defense Force - Wuntho,10,Political militia
People's Defense Force - Tigyaing,10,Political militia
People's Defense Force - Chaung-U,10,Political militia
People's Defense Force - Taze,10,Political militia
KPC: KNU/KNLA Peace Council,10,Political militia
People's Defense Force - Khin-U,10,Political militia
Private Security Forces (Myanmar),10,External/Other forces
People's Defense Force - Kawlin,10,Political militia
People's Defense Force - Tamu District,10,Political militia
YGF: Ye Guerrilla Force,10,Political militia
Zero Guerrilla Force - Myingyan,10,Political militia
Natogyi People's Defense Force,10,Political militia
People's Defense Force - Hkamti District,9,Political militia
People's Defense Force - Phyu,9,Political militia
Ye Bi Lu Aphwe: Ye Ogre Group,9,Political militia
People's Defense Force - Dawei District,9,Political militia
Military Forces of Myanmar (2011-2016) Border Guard Force,9,State forces
People's Defense Force - Monywa,9,Political militia
People's Defense Force - Pinlebu,9,Political militia
People's Defense Force - Myeik District Battalion 2,9,Political militia
Protesters (Myanmar),9,Protesters
Thway Thauk Aphwe: Blood Comrades Group (Pro-Military),9,Political militia
Taungoo Kha Yaing Pyi Thu Kar Kwei Yae Tat Ma Taw: Taungoo District People's Defense Force,9,Political militia
People's Defense Force - Tabayin,8,Political militia
People's Defense Force - Shwebo,8,Political militia
People's Defense Force - Thabeikkyin,8,Political militia
PDO/PDA: People's Democratic Organization/People's Democratic Army,8,Political militia
PRA: People's Revolution Army,8,Political militia
People's Defense Force - Myaung,8,Political militia
People's Defense Force - Loikaw,8,Political militia
Daw Na Column,8,Political militia
People's Defense Force - Katha District,8,Political militia
People's Defense Force - Myohla,8,Political militia
People's Defense Force - Gangaw Battalion,8,Political militia
MSRF: Mon State Revolutionary Force,8,Political militia
Military Forces of Myanmar (1988-2011),8,State forces
Taungoo Kha Yaing Pyi Thu Kar Kwei Yae Tat Ma Taw Tat Yin Ahmat 3501: Taungoo District People's Defense Force Battalion 3501,8,Political militia
MRDA: Myanmar's Royal Dragon Army,8,Political militia
USBA: United States Of Burma Army,8,Political militia
KNA: Kayan National Army,8,Rebel group
PSC/NDAA-ESS: Peace and Solidarity Committee/National Democratic Alliance Army-Eastern Shan State,7,Political militia
People's Defense Force - Kyunsu,7,Political militia
Chinland Defense Force - Zotung,7,Political militia
PRDF: Palaw Regional Defense Force,7,Political militia
Civilians (India),7,Civilians
People's Defense Force - Mandalay District,7,Political militia
People's Defense Force - Kawthoung,7,Political militia
KDF: Karenni Democratic Front,7,Political militia
MLPDF: Mawlaik People's Defense Force,7,Political militia
People's Defense Force - Monywa District,7,Political militia
Chinland Defense Force - Hualngoram,7,Political militia
KNLP/KNLA: Kayan New Land Party/Kayan New Land Army,7,Political militia
Daung Sit Aung Local People's Defense Force,7,Political militia
Military Forces of Myanmar (2016-2021) Border Guard Force,7,State forces
ADPRA: Anti-Dictatorship People's Revolution Army,7,Political militia
People's Defense Force - Taungtha,7,Political militia
Bo Lin Yone Tatphwe: Bo Eagle Force,7,Political militia
SRF: Student Revolution Force,7,Political militia
Myeik District People's Defense Force Collective Column 2,7,Political militia
People's Defense Force - Thayet District,7,Political militia
Civilians (International),7,Civilians
Military Forces of Myanmar (2011-2016) People's Militia Force,7,State forces
People's Defense Force - Saw Township,7,Political militia
People's Defense Force - Sagaing District,7,Political militia
People's Defense Force - Sagaing,7,Political militia
People's Defense Force - Pyay District,7,Political militia
Chinland Defense Force - Mara,7,Political militia
Brave Eagles YGN (UG),6,Political militia
Nay Pyi Taw People's Defense Force - Battalion 901,6,Political militia
NMSP-AD/NMLA-AD: New Mon State Party - Anti-military Dictatorship/Mon National Liberation Army - Anti-military Dictatorship,6,Rebel group
KTLA-TCJF (Tanintharyi),6,Political militia
PSR: People's Servant Revolution - Wetlet,6,Political militia
Military Forces of Myanmar (2016-2021) People's Militia Force,6,State forces
People's Defense Force - Mawlaik District,6,Political militia
People's Defense Force - Hseni,6,Political militia
ACDF: Asho Chin Defense Force,6,Political militia
People's Defense Force - Kale District,6,Political militia
YRA - Tilin: Yaw Revolution Army - Tilin,6,Political militia
YPDF: Ye People's Defense Force,6,Political militia
Chinland Defense Force - Zophei,6,Political militia
Spring Warriors Column,6,Political militia
People's Defense Force - Kyaukhtu,6,Political militia
SPGF: Southern Pauk Guerrilla Force,6,Political militia
Tanintharyi Kar Kwei Yay Pyauk Kyar Tatphwe: Tanintharyi Defense Guerrilla Force,6,Political militia
TDPDF: People's Defense Force Taung Dwin Region - Mingin,5,Political militia
Tha Khin Daung Nyo Pyauk Kyar Tatphwe: Master Brown Peacock Guerrilla Force,5,Political militia
MG6 Guerrilla Force,5,Political militia
MPDF: Mon Peace Defense Force,5,Political militia
YPDF: Yaw People's Defense Force,5,Political militia
MDF: Maraland Defense Force,5,Political militia
MDF - Shwebo: Myanmar Defense Force - Shwebo,5,Political militia
Southern YSO PDF: Southern Yesagyo People's Defense Force,5,Political militia
SAF: Student Armed Force,5,Political militia
Black Dragon Column,5,Political militia
ARF: Ayeyarwaddy Revolution Front,5,Political militia
Albino Tiger Column,5,Political militia
NLA: National Liberation Army,5,Political militia
People's Defense Force - Yinmarbin,5,Political militia
People's Defense Force - Salingyi,5,Political militia
PDA: People's Defense Army,5,Political militia
BPDF: Bawlakhe People's Defense Force,5,Political militia
People's Defense Force - Pakokku,5,Political militia
People's Defense Force - Magway,5,Political militia
Bagan Ogre Force,5,Political militia
People's Defense Force - Bago District,5,Political militia
People's Defense Force - Banmauk,5,Political militia
People's Defense Force - Kanbalu,5,Political militia
KLPDF: Kawlin People Defense Force,5,Political militia
People's Defense Force - Budalin,5,Political militia
Chinland Defense Force - Tonzang,5,Political militia
Civilians (Philippines),5,Civilians
DNLA: Dawei National Liberation Army,5,Political militia
People's Defense Force - Yedashe,4,Political militia
People's Defense Force - Htilin,4,Political militia
Phoenix DF: Phoenix Defense Force (Nattalin),4,Political militia
ULFA-I: United Liberation Front of Asom-Independent,4,Rebel group
Danger Force LDF,4,Political militia
BRR: Burma Revolution Rangers,4,Political militia
SSOF: Sagaing Special Operation Forces,4,Political militia
MVRF: Myaing Villages Revolution Front,4,Political militia
People's Defense Force - Sidotaya,4,Political militia
LPF: Launglone Peninsula Force,4,Political militia
People's Defense Force - Thayetchaung,4,Political militia
Chin Defense Force - Asho,4,Political militia
SSPDF: Southern Shan State People's Defense Force,4,Political militia
Chinland Defense Force - Paletwa,4,Political militia
KPDF: Kachin Region People's Defense Force,4,Political militia
People's Defense Force - Pyinoolwin District,4,Political militia
MRA: Myaung Revolutionary Army,4,Political militia
People's Defense Force - Taloke,4,Political militia
KRF: Kyaikhto Revolution Force,4,Political militia
UGP-OKPO: Underground Guerrilla Forces - Okpo,4,Political militia
People's Defense Force - Indaw,4,Political militia
RMA: Ramonnya Mon Army,4,Political militia
SWDF: Southern Warriors Defense Force,4,Political militia
BRA: Bamar Revolution Army,4,Political militia
Civilians (Thailand),4,Civilians
People's Defense Force - Laung Shey,4,Political militia
People's Defense Force - Kanbalu District,4,Political militia
Loikaw Local People's Defense Force,4,Political militia
Bo Tiger People Defense Force (Wetlet),4,Political militia
Pu Ri Yakha Nyi Naung Sit Kyaung: Pu Ri Yakha Brother Column,4,Political militia
People's Defense Force - Myingyan,4,Political militia
Gyobingauk Hero Pyauk Kyar Tatphwe: Gyobingauk Hero Guerrilla Force,4,Political militia
NLD: National League for Democracy,4,Political militia
DSNDF/DSNDA: Danu State National Defense Front/ Danu State National Defense Army,4,Political militia
Black Eagle Defense Force-MMU,4,Political militia
Tar Zan Gyi Aphwe: Tar Zan Gyi Group (Yinmarbin),4,Political militia
Dawei Kha Yaing Tat Paung Su: Dawei District Joint Forces,4,Political militia
96 Soldiers People's Defense Force,3,Political militia
PSDA: People Security And Defense Army,3,Political militia
MNRF: Moe Nyo Revolution Force,3,Political militia
Budalin Township Tat Paung Su Sit Kyaung: Budalin Township Joint Force Column,3,Political militia
PRF: Pakokku Revolution Front,3,Political militia
Venom Commando,3,Political militia
GTF: Golden Triangle Force,3,Political militia
BLPA: Black Leopard Army,3,Political militia
GZ Special Task Force - Wetlet,3,Political militia
PRA Magway: People's Revolution Alliance,3,Political militia
YA: Yaw Army,3,Political militia
Chinland Defense Force - Daai,3,Political militia
People's Defense Force Southern Military Region,3,Political militia
Dark Shadow,3,Political militia
Golden Eagle Force - Monywa-V2,3,Political militia
MRG: Myay Latt Area Guerrilla Force,3,Political militia
Nay Pyi Taw People's Defense Force - Battalion 805,3,Political militia
Taung Nyo Sit Kyaung: Taung Nyo Column,3,Political militia
Black Wolf People's Defense Force,3,Political militia
People's Defense Force - Nat Taung Dragon,3,Political militia
Taungoo Kha Yaing Pyi Thu Kar Kwei Yae Tat Ma Taw Tat Yin Ahmat 3502: Taungoo District People's Defense Force Battalion 3502,3,Political militia
TYF: The Youth Force - Saw & Kyaukhtu,3,Political militia
Pyi Thu Kyei Ta Pwint PDF: People's Star People's Defense Force,3,Political militia
Na Gar Ni Pyauk Kyar Tatphwe - Myingyan: Red Dragon Guerrilla Force - Myingyan,3,Political militia
Bo Sa Kar Pyauk Kyar Tatphwe: Bo Sa Kar Guerrilla Force,3,Political militia
Police Forces of Myanmar (2016-2021) Prison Guards,3,State forces
Civilians (Vietnam),3,Civilians
Nga Pyae Ma Pyauk Kyar Tatphwe: Climbing Perch Guerilla Force,3,Political militia
Unicorn Guerrilla Force,3,Political militia
TKF AMA: Truth Keeping Force - Amarapura,3,Political militia
No.1005 Infantry - Southern Shan People's Defense Force,3,Political militia
Mawlaik Revolutions,3,Political militia
People's Defense Force - Myeik,3,Political militia
MYPDF: Myauk Yamar People's Defense Force,3,Political militia
People's Defense Force - Myar Village,3,Political militia
MTPDO: Mindon Township People Defense Organization,3,Political militia
Civilians (Ethiopia),3,Civilians
MSRU: Mon State Revolutionary Union,3,Political militia
MSDF: Mon State Defense Force,3,Political militia
MUA: Myaung Union Army,3,Political militia
LSRPDF: Laung She Regional People Defense Force,3,Political militia
People's Defense Force - Yebyu,3,Political militia
KDDF: Kawthoung District Defense Force,3,Political militia
People Defense Force - Yangon Region,3,Political militia
KSP: Karenni State Police,3,Political militia
SSTF: Salingyi Special Task Force,3,Political militia
FDPDF: Fire Dragon People's Defense Force,3,Political militia
B.21 KANI-People's Defense Force,3,Political militia
SSLRU: Southern Shan Local Revolution Union,3,Political militia
KNA: Karen National Army,3,Rebel group
Du Ya Ka Sit Kyaung: Du Ya Ka Column,3,Political militia
KGZ: Karenni Generation Z,3,Political militia
Golden Deer Hunter Taungdwin People's Defense Force,3,Political militia
Young Force-UG,3,Political militia
People's Defense Force - Yenangyaung,3,Political militia
Hlatsee Tat Khwe: Lightning Unit,3,Political militia
People's Defense Force - Kaung Kin,3,Political militia
Civilians (United States),3,Civilians
People's Defense Force - Kyunhla,3,Political militia
ZRA: Zomi Revolutionary Army,3,Political militia
HPDF 124: Homalin People's Defense Force 124,3,Political militia
8+ Ah Nyar Myay Sit Sin Yay Aphwe: 8+ Ah Nyar Myay Operation Forces,3,Political militia
Central Region Task Force,3,Political militia
Government of Myanmar (2011-2016),3,State forces
People's Defense Force - Kyauktaga,3,Political militia
People's Defense Force - Takaung,3,Political militia
Pu War Ni Sit Kyaung: Red Bandana Column,3,Political militia
People's Defense Force - Tactics 33,3,Political militia
Kale Myo Myo Pya Pyauk Kyar Si Man Chet UG Aphwe: Kale Town Urban Guerrilla Scheme UG Group,3,Political militia
Anyar Myay Tat Paung Su: Anyar Land Joint Forces,3,Political militia
C&T Shwebo: Crocodile & Tigers Shwebo,3,Political militia
Karen People's Defense Force (Palaw),3,Political militia
People Defense Force - Aung Lan,3,Political militia
Kyar Thit Nat Local Defense Force: Black Leopard Local Defense Force,3,Political militia
Kayin Force - Tanintharyi,3,Political militia
Sar Taung Moe Kyoe Pyi Thu Kar Kwei Yay Tatphwe: Sar Taung Thunder People's Defense Force,3,Political militia
RPGF: Royal Phoenix Guerilla Force,3,Political militia
Salingyi Tha Man Kyar Pyauk Kyar Tatphwe: Salingyi Tiger Guerrilla Force,2,Political militia
TSG: Tamu Security Group,2,Political militia
Dragon Warrior (Mandalay),2,Political militia
NMD: No More Dictatorship People's Defense Force,2,Political militia
People's Defense Force - Kalewa,2,Political militia
People's Defense Force - Kamma,2,Political militia
Ba Htoo Sit Kyaung: Ba Htoo Column,2,Political militia
27 Revolution Forces - Myingyan,2,Political militia
TRDF: Twantay Royal Defense Force,2,Political militia
SGZPDF: Salingyi Generation-Z People's Defense Force,2,Political militia
People's Defense Force - Nattalin,2,Political militia
Na Gar Nyi Naung Pyauk Kyar Tatphwe: Dragon Brothers Guerrilla Force,2,Political militia
FLA: Freeland Attack Force,2,Political militia
BTZ GBK People's Defense Force,2,Political militia
People's Defense Force - Mandalay (Special Movement Division),2,Political militia
TYC-PDF: Daung Min Operation Thayetchaung People's Defense Force,2,Political militia
FRF: Freedom Revolution Force,2,Political militia
Black Panther Column,2,Political militia
People's Defense Force - Mandalay District Battalion 3,2,Political militia
NSCN-Ang Mai: National Socialist Council of Nagaland - Ang Mai,2,Political militia
People's Defense Force - Myitnge,2,Political militia
People's Defense Force - Kayan,2,Political militia
People's Defense Force - Inn,2,Political militia
PPGF: Popa Production & Guerrilla Force,2,Political militia
Pale People's Defense Force - Headquarters,2,Political militia
Pauk Taung Paing Kyee Kan Aphwe: Southern Pauk Crow Group,2,Political militia
RGF: Ramonya Guerrilla Force,2,Political militia
Snake Eyes - People's Defense Force (Shwebo),2,Political militia
Southern Gangaw People's Defense Force,2,Political militia
People's Defense Force - Moe Dar,2,Political militia
People's Defense Force - Minhla,2,Political militia
Black Leopard (Wetlet),2,Political militia
RSO: Rohingya Solidarity Organization,2,Political militia
People's Defense Force - Bago District Battalion 3702,2,Political militia
People's Defense Force - Bago District Battalion 3703,2,Political militia
PDC: People's Defense Comrade,2,Political militia
SSRY: 1008 Infantry - Southern Shan Revolution Youth,2,Political militia
People's Defense Force - Beikthano,2,Political militia
People's Defense Force - Dawei,2,Political militia
PLA: People's Liberation Army of Manipur,2,Rebel group
Seikphyu Pyauk Kyar Ta Ko Taw Kyar Zoe People's Defense Force: Seikphyu Guerrilla Solo Tiger People's Defense Force,2,Political militia
Earthquake People's Defense Force,2,Political militia
Falcon People's Defense Force TYC,2,Political militia
Sun Ye Aphwe: Kite Group (Pro-Military),2,Political militia
Ramanya Army,2,Political militia
People's Defense Force - Mawlamyine,2,Political militia
Eagle Brigade,2,Political militia
OSTF: One Star Task Force,2,Political militia
Civilians (South Korea),2,Civilians
PPDF: People's Defense Force - Paungde,2,Political militia
SRF: Senthang Revolution Force,2,Political militia
People's Defense Force - Hpasawng,2,Political militia
Seikphyu Bar Ma Hti People's Defense Force,2,Political militia
Twayt Yar Thin Chaing Dar Ma Saing Pyauk Kyar Aphwe: Kill on Sight Guerrilla Group,2,Political militia
People's Defense Force - Ngazun,2,Political militia
GZP-Mandalay: Generation Z Power (Mandalay),2,Political militia
People's Defense Force - Tatkon Battalion 803,2,Political militia
KPDF2: Kani People's Defense Force,2,Political militia
YUG: Ye-Ngan Urban Guerrillas,2,Political militia
KPLA: Karenni People's Liberation Army,2,Political militia
KR: Kawlin Revolution,2,Political militia
KRDA: Kalay Region Defense Association,2,Political militia
KRRC: Kamma Regional Revolution Coalition,2,Political militia
BFFC: Borderless Freedom Federal Column,2,Political militia
Galon Column,2,Political militia
YRF: Yadanarbon Revolution Force,2,Political militia
Kamma Underground People's Defense Force,2,Political militia
Kanbalu UG: Kanbalu Underground Warriors,2,Political militia
Kaung Kin Revolution Force - Madaya,2,Political militia
Byu Har 31: Strategy 31,2,Political militia
Civilians (Australia),2,Civilians
Kyar Thit Nat Tatphwe: Black Leopard Force,2,Political militia
Kyaukme Kha Yaing Ah Htoo Taik Khaik Yay Tatphwe: Kyaukme District Special Attack Force,2,Political militia
Myo Set Thit Lu Nge Local PDF: New Generation Youth Local People's Defense Force,2,Political militia
LPDF-Sintgaing: Local People's Defense Force Sintgaing,2,Political militia
DDT: Dawei Defense Team,2,Political militia
YDF Battalion - 15 SSN,2,Political militia
DDF: Dawei Defense Force,2,Political militia
People's Defense Force - Thandaung,2,Political militia
KNO/KNA: Kuki National Organization/Kuki National Army,2,Rebel group
People's Defense Force - Upper Minhla,2,Political militia
Government of China (2012-),2,External/Other forces
Zarmani Guerrilla Force,2,Political militia
Zamani Revolution Force/MMU Myaung,2,Political militia
Hero Tiger Force,2,Political militia
ZRA-EC: Zomi Revolutionary Army-Eastern Command,2,Political militia
Ywangan People's Defense Force,2,Political militia
Hnalone Hla Lu Maik Gyi Myar A Phwe: Big Beautiful Hearted Hoodlums,2,Political militia
IDG PDF: Indawgyi People's Defense Force,2,Political militia
IR: Indaw Revolution,2,Political militia
Aye Yar Daung,2,Political militia
Gangaw Myo Nei Pyi Thu Kar Kwei Yay Aphwe - PaKaPha: Gangaw Township People's Defense Force - PaKaPha,2,Political militia
JPGF: Joe Phyu Guerrilla Force,2,Political militia
People's Defense Force - Thegon,2,Political militia
Joe Kyar Ni Tatphwe (Beikthano): Flamingo Force (Beikthano),2,Political militia
KDDF: Kyaukse District Defense Force,2,Political militia
DBTF: Dragon Brothers Task Force,2,Political militia
Generation Z Army,2,Political militia
Chinland Defense Force - Senthang,2,Political militia
Garuda King Monywa,2,Political militia
CNDF: Chindwin National Defense Force,2,Political militia
Lisu Ethnic Militia (Myanmar),2,Identity militia
People's Defense Force - Shwebo District Battalion 3,2,Political militia
Wolf Guerrilla Local People's Defense Force Ye-U,2,Political militia
GOS: God of Snake,2,Political militia
People's Defense Force - Pwintbyu,2,Political militia
UNRA: Union National Resistance Army,2,Political militia
Magway Taing Drone Aphwe: Magway Region Drone Group,2,Political militia
UNLF: United National Liberation Front,2,Rebel group
ULF: Union Liberation Front,2,Political militia
ACPLF: Anti-Coup People's Liberation Force,2,Political militia
People's Defense Force - Puta-O,2,Political militia
Alawaka Myo Pya Pyauk Kyar Tatphwe: Alawaka Urban Guerrilla Force,2,Political militia
GBKPDF: Gyobingauk People's Defense Force,2,Political militia
BPDF-Yoma: Bago People's Defense Force - Yoma,2,Political militia
Thanmani Force - Monywa People's Defense Force,2,Political militia
Moe Kyoe Sit Kyaung: Thunder Column,2,Political militia
Taw Gyi Mway Pway: King Viper,2,Political militia
ASG: Aung San Generation Monywa,2,Political militia
Chindwin Attack Force,2,Political militia
Civilians (Japan),2,Civilians
Monywa People's Defense Force (Demo),2,Political militia
Taung Thu Gyi Aphwe: Farmers Group,2,Political militia
Myeik District People's Defense Force Collective Column 1,2,Political militia
MUGDF: Myaing Underground Defense Force,2,Political militia
Meithei Kathe Ethnic Militia (Myanmar),2,Identity militia
Unidentified Communal Militia (Myanmar),2,Identity militia
A.D.G Brothers,2,Political militia
MDF: Myanmar Defense Force,2,Political militia
MLA: Mon Liberation Army,2,Political militia
GTF: Golden Target Force,2,Political militia
AFF: Anonymous Fighter Force,2,Political militia
MRF-Nattalin: Myanmar Revolution Force Nattalin,2,Political militia
Unidentified Armed Group (Bangladesh),2,Political militia
Unidentified Armed Group (India),2,Political militia
RDDF: Red Dragon Defense Force,1,Political militia
Crocodile Column,1,Political militia
Public Security and Counter-Terrorism Force,1,Political militia
Rioters (Indonesia),1,Rioters
Phoenix SGG,1,Political militia
People's Defense Force Kalay - Battalion 4,1,Political militia
ASF: Alpha Special Force,1,Political militia
Rioters (China),1,Rioters
Police Forces of Bangladesh (2009-2024) Border Guards Bangladesh,1,External/Other forces
People's Defense Force - Yamethin District,1,Political militia
Pyan Hlwar LPDF: Swallow Local People's Defense Force,1,Political militia
People's Defense Force Hpruso,1,Political militia
Red Head Army,1,Political militia
Ah Nyar Mine Aphwe: Upland Mine Group,1,Political militia
RKDF: Ranger Kalay Defense Force,1,Political militia
Rakhine Ethnic Militia (Myanmar),1,Identity militia
Alin Tan Pyauk Kyar Tatphwe (Myaing): Light Guerrilla Force (Myaing),1,Political militia
Ahtoo Myo Pya Pyauk Kyar Tatphwe - Taungoo: Special Urban Guerrilla Force - Taungoo,1,Political militia
Alawaka Column (People's Defense Force - Thaton District Battalion 3),1,Political militia
People's Defense Force - Yelekyun,1,Political militia
People's Defense Force - Yangon,1,Political militia
Alawaka Local People's Defense Force,1,Political militia
Red Falcon People's Defense Force,1,Political militia
Real Heros,1,Political militia
RIM: Rohingya Islamic Mahaaz,1,Rebel group
DBPDF: Dragon Brothers' People's Defense Force,1,Political militia
Police Forces of Myanmar (2011-2016) Border Guard Police,1,State forces
Anyar Pyit Taing Htaung Lay Mya Aphwe: Anyar Pyit Taing Htaung Lay Myar Group,1,Political militia
ASDF: Aungban Special Defense Force,1,Political militia
RSF: Red Star Front,1,Political militia
People's Defense Force Western District Yangon,1,Political militia
Albino Tiger Battalion-1,1,Political militia
TPLF: Tavoy People Liberation Force,1,Political militia
Royal Eagle People Defense Force - Pale,1,Political militia
Royal Eagle People Defense Force - YSO,1,Political militia
YMTG: Yoma Tiger People's Defense Force Ayeyarwady,1,Political militia
YMB Column,1,Political militia
YLF: Yangon Liberation Force,1,Political militia
A Mi Myay Special Task Force,1,Political militia
YARF: Yoma Ayeyarwady Revolution Force,1,Political militia
Wun Pa Lway Pyauk Kyar Tatphwe - Myaing: Wolf Guerrilla Force - Myaing,1,Political militia
Wings of Kalay,1,Political militia
Wild Tiger Shwebo Local People's Defense Force,1,Political militia
Wild Elephant Guerrilla Force,1,Political militia
White Dragon Battalion (South Division),1,Political militia
Victor Hidden Force (Myaing),1,Political militia
ACID Army People's Defense Force,1,Political militia
UTF: Urban Task Force Aung Ban,1,Political militia
URF: Urban Revolutionary Front,1,Political militia
UOC: Urban Operation Column,1,Political militia
UHF: Urban Hunter Force,1,Political militia
UC: Unity Column,1,Political militia
Tiger King Guerrilla Force,1,Political militia
Civilians (Germany),1,Civilians
The Secret Warrior Kawlin,1,Political militia
The KING Peacock,1,Political militia
YNRF: Yaw National Revolution Force - Htilin,1,Political militia
YOMA AYA People's Defense Force,1,Political militia
YPGF: YayPhyu Guerrilla Force,1,Political militia
Yaw Defense Force (Htilin),1,Political militia
Young Wolf Local People's Defense Force,1,Political militia
Yoma Yar Zar,1,Political militia
Yoma GBK People's Defense Force,1,Political militia
Yinmarbin Local People's Defense Force,1,Political militia
Yenanthar Column,1,Political militia
Yedashe People's Defense Force 2,1,Political militia
Ye-U Area Duwon People's Defense Force,1,Political militia
Yaw Na Ka Sit Kyaung: Yaw Na Ka Column,1,Political militia
Yaw Defense Force - Ground Operations Regional Office,1,Political militia
Yaung Ni Pyauk Kyar Tatphwe: Red Glow of Dawn Guerrilla Force,1,Political militia
Chinland Defense Force - Lautu,1,Political militia
Yangon-E UG,1,Political militia
Yadanarbon Tat Oo: Yadanarbon Front,1,Political militia
YUPA: Yangon UG People Army,1,Political militia
YSTF: Ye Special Task Forces,1,Political militia
YSO.ISA: YSO.Island Spotted Army,1,Political militia
YRPA: Yaw Regional People's Defense Force's Alliance,1,Political militia
YRG: Yesagyo Revolution Group,1,Political militia
YRF: Youth Revolution Force,1,Political militia
YRF: Yangon Revolution Force,1,Political militia
Thay Min Ta Man Myo Pya Pyauk Kyar Tatphwe: God of Death Urban Guerrilla Force,1,Political militia
Thaton Urban Special Task Force,1,Political militia
Than Bo Village Local Defense Force,1,Political militia
STA: Special Task Agency of Burma,1,Political militia
Shwebo Myo Nei PaKaPha Taik Nei 5: Shwebo Township People's Defense Force Area 5,1,Political militia
Shwebo Moe Kyoe Mone Taing Aphwe: Shwebo Thunder Storm Group,1,Political militia
Shwebo Kyar Gyi: Shwebo Tiger,1,Political militia
Shanni Ethnic Militia (Myanmar),1,Identity militia
Shadow Htoke Lote Yae Hnint Let Net Gyi Tatphwe: Shadow Production and Heavy Weapon Force,1,Political militia
Sayar San People's Defense Force,1,Political militia
SUMF: Special Underground Movement Force - Mawlamyine,1,Political militia
SUF: Secret Underground Force,1,Political militia
STF Yangon: Special Task Force Yangon,1,Political militia
SSRY: Southern Shan Revolution Youth - Eagle Force,1,Political militia
Sit Kyun Ma Khan Mway Soe Ta Thaik PDF: A Nest of Venomous Snakes That Do Not Accept Being Military Slaves People's Defense Force,1,Political militia
ADF: Anyar Defense Force,1,Political militia
SSPDF: Shan State People's Defense Force,1,Political militia
SRE: Salingyi Revolution Eagles,1,Political militia
SRA: Spring Revolution Alliance,1,Political militia
SPDF: Shwedaung People's Defense Force,1,Political militia
Civilians (United Kingdom),1,Civilians
SMPDF: Southern Magway People's Defense Force,1,Political militia
SE: Southern Eagle People's Defense Force,1,Political militia
Royal Peacock Column,1,Political militia
Shwegu Area Local People's Defense Force,1,Political militia
Sittaung Myo Pya Pyauk Kyar Aphwe (NPT): Sittaung Urban Guerrilla Group (Nay Pyi Taw),1,Political militia
Civilians (Indonesia),1,Civilians
TYF: Tanintharyi Yoma Force,1,Political militia
Taw Gyi Mway Hauk Tatphwe: King Cobra Force,1,Political militia
Taw Gyi Kyar Yine Aphwe: Wild Tiger Group,1,Political militia
Civilians (Malawi),1,Civilians
Chindwin Ranger,1,Political militia
Taik Thein Myay Auk Taw Hlan Yay Tatphwe: Taik Thein Underground Revolutionary Force,1,Political militia
Taik Nei Sun PDF: Area Kite People's Defense Force,1,Political militia
Ta'ang Day Tha Pyi Thu Kar Kwei Yay Tatphwe: Ta'ang Area People's Defense Force,1,Political militia
TZ People Defense Force,1,Political militia
TYK Pyauk Kyar Tatphwe: TYK Guerrilla Force,1,Political militia
TYCPDGF: Thayetchaung People Defense Guerrilla Force,1,Political militia
Southern Shan State Special Force,1,Political militia
TTTP: Taw Twin Tup Pee Local People's Defense Force,1,Political militia
TRF: Tartay Revolution Force,1,Political militia
Aung San's Land Natmauk,1,Political militia
TPC: Taze People Comrades,1,Political militia
TNF/TA: Tavoyan National Federation/Tavoy Army,1,Political militia
Civilians (Pakistan),1,Civilians
TDF: Tanintharyi Defense Force,1,Political militia
Sun Ye Revolution Force: Kite Revolution Force,1,Political militia
Civilians (South Africa),1,Civilians
Area 71 People's Defense Force (Monywa),1,Political militia
People's Defense Force - Magway District,1,Political militia
People's Defense Force - Western Command,1,Political militia
MNGF: Myingyan Northerners Guerrilla Force,1,Political militia
Bo Than Lone Aphwe: Bo Than Lone Group,1,Political militia
From Zero to Hero,1,Political militia
GALON People's Defense Force (Tabayin),1,Political militia
GOD: Gods of Death,1,Political militia
GOE: Ghost of Enemies Revolution Force,1,Political militia
GOM: God of Myaing People's Defense Force,1,Political militia
Military Forces of India (2014-),1,External/Other forces
Military Forces of Bangladesh (2009-2024),1,External/Other forces
Mee Na Gar NZN Revolution Force: Fire Dragon NZN Revolution Force,1,Political militia
Mandalay UG Wolf Army,1,Political militia
Mandalay Nyi Naung Tat Paung Su: Mandalay Brotherhood Joint Force,1,Political militia
Mahar Local People's Defense Force,1,Political militia
MYF: Mandalay Youngs Force,1,Political militia
MVPRF: Myaing Villages People's Revolution Force,1,Political militia
MTPDF: MyoThit People's Defense Force,1,Political militia
MTHSF: Mon Thaton Special Forces,1,Political militia
MTGF: Myingyan Twenty one Guerilla Force,1,Political militia
MSTF: Mandalay Special Task Force,1,Political militia
MSDF-S: Mon State Defense Force - South,1,Political militia
MRDA: Myanmar's Royal Dragon Army - Yinmarbin,1,Political militia
GSF: Garuda Secret Force,1,Political militia
MRA: Myanmar Revolution Army,1,Political militia
MPR: Mandalay People Rescue,1,Political militia
Military Forces of Myanmar (2021-) Coast Guard,1,State forces
Free Fighter Force,1,Political militia
Militia (Pro-Government),1,Political militia
Fighter One Shwe Bo,1,Political militia
Na Gar Sit Thei: Dragon Warrior (Tanintharyi),1,Political militia
Na Gar Ni PaKaPha: Red Dragon People's Defense Force,1,Political militia
Black Lighting People's Defense Force,1,Political militia
NSSAA: Northern Shan State Alliance Army,1,Political militia
NSPPDF: Northern Seikphyu People Defense Force,1,Political militia
NSCN-K: National Socialist Council of Nagaland - Khaplang,1,Political militia
NRG: National Revolutionary Guards,1,Political militia
NPRF: Northwest Plains Revolutionary Forces,1,Political militia
NPDF: Naga People's Defense Force,1,Political militia
Fight For Justice-Justice People's Defense Force,1,Political militia
Bo Japan Gyi (T.T.T) - Shwebo People's Defense Force,1,Political militia
Mindat Commando Tatphwe: Mindat Commando Force,1,Political militia
Myo Twin Pyauk Kyar Tatphwe: Urban Guerrilla Force,1,Political militia
Flying Star Force,1,Political militia
Myanmar Defense Force - Taze Tiger,1,Political militia
Mutiny of Military Forces of Myanmar (1988-2011),1,State forces
Monywa Special Deik Deik Kye People's Defense Force,1,Political militia
Monywa Nightking,1,Political militia
Monywa Myo Nei Taik Nei 3 PaKaPha: Monywa Township Area 3 People's Defense Force,1,Political militia
Monywa Myo Nei Ah Mhat 2 Taik Nei PaKaPha: Monywa Township No.2 Area People's Defense Force,1,Political militia
Moe Tar Taik Nei Pyi Thu Kar Kwei Yay Tatphwe: Moe Tar Area People's Defense Force,1,Political militia
Moe Tar Lay Drone Tatphwe: Moe Tar Lay Drone Team,1,Political militia
Budalin Myo Nei Taik Nei 8 PDF: Budalin Township Area 8 People's Defense Force,1,Political militia
MKPDF: Min Kin People Defense Force,1,Political militia
Natmauk Galon People's Defense Force,1,Political militia
MGN TIGER,1,Political militia
CAF-SPUPDF: Central Armed Forces - SeikPhyu People's Defense Force,1,Political militia
KPDF1: Kani People's Defense Force,1,Political militia
CDF-KKG: Chinland Defense Force - Kalay-Kabaw-Gangaw Battalion 3,1,Political militia
CGDF: Chindwin GZ Defense Force,1,Political militia
CGF-HTY: Civil Guerrilla Force-HTY,1,Political militia
CJDC: Chinland Joint Defense Committee,1,Political militia
KNPF: Karen National Police Force,1,Political militia
CLDF: Confidential Location Defense Force,1,Political militia
KMDF: Kamma Defense Force,1,Political militia
CNO/CNDF UCR: CNO/CNDF Upper Chindwin Region,1,Political militia
KDF: Kyaukpadaung Defense Force,1,Political militia
Justice Soldier- People's Defense Force,1,Political militia
JPRF: Joe Phyu Revolution Force,1,Political militia
JC Shwe Hti Myay People's Defense Force,1,Political militia
IUF: Inya Urban Force,1,Political militia
CPU/CPA: Chin People's Union/Chin People Army,1,Political militia
Home Guards (Gher Der),1,Political militia
Hlaingtharya Myo Pya Pyauk Kyar Tatphwe: Hlaingtharya Urban Guerrilla Force,1,Political militia
Hkamti Kha Yaing Tat Yin 1 (Homalin) PDF: Hkamti District Battalion 1 (Homalin) People's Defense Force,1,Political militia
Hein Na Ka Local Defense Force - YMB,1,Political militia
HPLDF: Homalin People's Local Defense Force,1,Political militia
CRA: Chaung U Revolution Army,1,Political militia
Guerilla Ranger,1,Political militia
CAF-MGPDF: Central Armed Forces - Magway People's Defense Force,1,Political militia
KSO: Khin U Support Organization,1,Political militia
KTB-R: Kotaungbo Revolution,1,Political militia
LPSF: Launglon Public Security Forces,1,Political militia
MGN 35 Pyauk Kyar Tatphwe: MGN 35 Guerrilla Force,1,Political militia
GTR-MMU: Ghost Team Ranger Myinmu,1,Political militia
MFG: Monywa Fighter Group,1,Political militia
MDF: Madaya Defense Force,1,Political militia
Budalin Ninja,1,Political militia
Budalin People's Defense Force Maha Bandula Battalion,1,Political militia
M7PDA: M7 People's Defense Army,1,Political militia
Buddhist Militia (Myanmar),1,Identity militia
Lin Mway LPDF: Rat Snake Local People's Defense Force,1,Political militia
Lay Pway Mone Taing People's Defense Force (Tabayin): Whirlwind People's Defense Force (Tabayin),1,Political militia
LGIC: Local Guerrilla Independence Comrades,1,Political militia
KUGF: Khin-U Local Guerrilla Force,1,Political militia
L.D.F-Kalay,1,Political militia
Kyaung Let Thea LPDF: Cat's Claw Local People's Defense Force,1,Political militia
Kyauktaw Communal Militia (Myanmar),1,Identity militia
Kyar Hnyat People's Defense Force,1,Political militia
Khut Daung Ta Man Ah Htoo Sit Kyaung: Peacock Special Column,1,Political militia
Khin U-Dynamite Squad,1,Political militia
Kanbalu Red Kite,1,Political militia
Kaman Muslim Militia (Myanmar),1,Identity militia
Kalay Police Service,1,Political militia
KURDAF: Khin-U Region Defense Alliance Force,1,Political militia
Nant Thar Myaing People's Defense Force - Myaing,1,Political militia
Nay Pyi Taw People's Defense Force - Battalion 801,1,Political militia
People's Defense Force - Waw,1,Political militia
Daung Yin Thway Day Tha Kar Kwei Yay Tatphwe: Daung Yin Thway Local Defense Force,1,Political militia
People's Defense Force - Nyaung-U District,1,Political militia
People's Defense Force - Nyaung-U,1,Political militia
BPLA: Bamar People's Liberation Army,1,Political militia
Chauk Revolution Army - Yay Nan Myay,1,Political militia
People's Defense Force - Myitkyina,1,Political militia
People's Defense Force - Myinmu,1,Political militia
People's Defense Force - Myingyan District Battalion 5,1,Political militia
BRA: Burmese Rangers Army LDF,1,Political militia
BRF: Brother Revolution Force,1,Political militia
Daung Min - People's Defense Force,1,Political militia
People's Defense Force - Mogoke,1,Political militia
BRF: Burmese Revolution Force,1,Political militia
Daung Min Thar Yedashe People's Defense Force,1,Political militia
People's Defense Force - Maubin,1,Political militia
Daung Nyi Naung PDF: Peacock Brothers People's Defense Force,1,Political militia
Government of Bangladesh (2009-2024),1,External/Other forces
Daung Sit Thei Sit Kyaung: Peacock Warriors Column,1,Political militia
BWDF: Black Wolf Defense Force - Monywa,1,Political militia
People's Defense Force - Ma Yoe Kone Village,1,Political militia
Daung Thway Ni Pyauk Kyar Tatphwe - YSO: Peacock Red Blood Guerrilla Force - YSO,1,Political militia
People's Defense Force - Letpadan Special Task Force,1,Political militia
Daung Yazar (UG),1,Political militia
People's Defense Force - Kyaw,1,Political militia
DPDF: Danu People's Defense Force,1,Political militia
BPDF: Burmese Peacock Defense Force,1,Political militia
People's Defense Force - Pale District,1,Political militia
BHA: Brave Heart Army,1,Political militia
People's Defense Force - Thayet,1,Political militia
Ayeyarwady Battalion 3,1,Political militia
DDF: Daik- U Defense Force,1,Political militia
Ayeyarwady Shark Fighter Guerrilla Force,1,Political militia
BHA: Ba Htoo Army,1,Political militia
People's Defense Force - Tada-U,1,Political militia
DDPDF: Dawei Dragon People's Defense Force,1,Political militia
People's Defense Force - South Monywa,1,Political militia
People's Defense Force - Sintgaing,1,Political militia
People's Defense Force - Singu,1,Political militia
People's Defense Force - Shwe Tan Myay,1,Political militia
People's Defense Force - Pathein,1,Political militia
DEF-PDF: Dawei East Forest People's Defense Force,1,Political militia
People's Defense Force - Sar Taung Gyi Village,1,Political militia
DGF - LC: Democratic Guerrilla Force - Lower Chindwin,1,Political militia
DGF: Dove Guerrilla Force,1,Political militia
DGRF: Dawei Guerrilla Revolution Force,1,Political militia
People's Defense Force - Ruby Land,1,Political militia
DKBA (Buddhist): Democratic Karen Buddhist Army (1994-2010),1,Political militia
Chauk Thakhin Phoe Hla Gyi Tatphwe: Chauk Thakhin Phoe Hla Gyi Force,1,Political militia
BMT: Budalin Mobile Team,1,Political militia
BNT: Bo Nay Toe Special Guerrilla Forces,1,Political militia
People's Defense Force - Kyaukse,1,Political militia
Bagan Nyaung-U Local Tat Paung Su: Bagan Nyaung-U Local Joint Force,1,Political militia
Nay Pyi Taw People's Defense Force - Battalion 802,1,Political militia
Doke Hta Waddy Defense Force,1,Political militia
FFP: Fight for People,1,Political militia
PSGF: Pakokku Special Guerrilla Force,1,Political militia
PSF: People Servant Force,1,Political militia
PSDF: People Soldiers' Defense Force,1,Political militia
FRF CHU: Farmers Revolution Force CHU,1,Political militia
Black Eagle Local People's Defense Force (Khin-U),1,Political militia
PPDF: Pa-Oh People's Defense Force (Kham Dom),1,Political militia
Black Eagle People's Defense Force - Bagan,1,Political militia
Black Guerrilla Force,1,Political militia
PNDF: Pa-Oh National Defense Force,1,Political militia
Black Hero Local People's Defense Force,1,Political militia
PKU UG: Pakokku Underground,1,Political militia
PDRF: People's Dictatorship Revolutionary Force,1,Political militia
PDP: Peace and Diversity Party,1,Political militia
FTR: Free Tiger Rangers,1,Political militia
PDF-CEU: People's Defense Force - Combat Engineer Unit,1,Political militia
PDB: Phoenix Defense Battalion,1,Political militia
Operation MoMo,1,Political militia
Oak Awe Column (Dawei),1,Political militia
OPRF: Oppressed People's Revolutionary Force,1,Political militia
No.52 Strategy People's Defense Force - Paw Oo Column,1,Political militia
Ngar Myi Ya Pyi Thu Kar Kwei Yay Tatphwe: Ngar Myi Ya People's Defense Force,1,Political militia
Federal Freedom UG,1,Political militia
PSTF: Pathein Special Task Force,1,Political militia
Pa Tee Ta Lone Pyauk Kyar Tatphwe: One Bead Guerrilla Force,1,Political militia
Pa-Oh Ethnic Militia (Myanmar),1,Identity militia
EDF: Eastern Defense Force,1,Political militia
Bamar Army,1,Political militia
People's Defense Force - Kawa,1,Political militia
Done Pyan Local PDF - Budalin: Rocket Local People's Defense Force - Budalin,1,Political militia
Bee Column,1,Political militia
Beikthano Kar Kwei Yay Tatmadaw: Beikthano Defense Force,1,Political militia
Dragon Squad - TNI,1,Political militia
People's Defense Force - Kan Pauk,1,Political militia
Black Cobra Force Pakokku,1,Political militia
People's Defense Force - Hnget Pyaw Taing,1,Political militia
People's Defense Force - Hlaing Township,1,Political militia
People's Defense Force - Hkamti,1,Political militia
Pakokku Urban Guerrilla Force - Unit 2,1,Political militia
Eagles Army-HPDF,1,Political militia
Black Dragon Force Pyapon,1,Political militia
People's Defense Force - Dedaye,1,Political militia
Black Dragon GBK People's Defense Force,1,Political militia
People's Defense Force - Chauk,1,Political militia
People's Defense Force - Bago Region,1,Political militia
FFGF: Freedom Fighter Guerrilla Force,1,Political militia
People's Defense Force - Ayadaw,1,Political militia
Pale Myo Nei Taik Nei 7: Pale Township Area 7,1,Political militia
Palaw Sit Kyaung (1): Palaw Column (1),1,Political militia
11BRF: 11 Brothers Revolution Forces,1,Political militia
