month,n_events,total_sources,mean_sources,unique_outlets,caer_national
2010-01,12,12,1.0,6,2.0
2010-02,25,26,1.04,7,3.5714285714285716
2010-03,24,24,1.0,6,4.0
2010-04,14,14,1.0,9,1.5555555555555556
2010-05,14,14,1.0,7,2.0
2010-06,3,3,1.0,2,1.5
2010-07,11,11,1.0,7,1.5714285714285714
2010-08,11,11,1.0,6,1.8333333333333333
2010-09,26,27,1.0384615384615385,8,3.25
2010-10,22,22,1.0,6,3.6666666666666665
2010-11,37,37,1.0,13,2.8461538461538463
2010-12,15,15,1.0,6,2.5
2011-01,19,19,1.0,7,2.7142857142857144
2011-02,22,22,1.0,7,3.142857142857143
2011-03,40,41,1.025,10,4.0
2011-04,32,32,1.0,7,4.571428571428571
2011-05,25,25,1.0,10,2.5
2011-06,75,75,1.0,13,5.769230769230769
2011-07,62,62,1.0,10,6.2
2011-08,46,46,1.0,9,5.111111111111111
2011-09,61,61,1.0,8,7.625
2011-10,83,84,1.0120481927710843,10,8.3
2011-11,43,44,1.0232558139534884,13,3.3076923076923075
2011-12,26,26,1.0,7,3.7142857142857144
2012-01,22,24,1.0909090909090908,10,2.2
2012-02,32,33,1.03125,10,3.2
2012-03,52,55,1.0576923076923077,12,4.333333333333333
2012-04,43,43,1.0,7,6.142857142857143
2012-05,100,105,1.05,17,5.882352941176471
2012-06,92,95,1.0326086956521738,19,4.842105263157895
2012-07,65,65,1.0,9,7.222222222222222
2012-08,68,70,1.0294117647058822,13,5.230769230769231
2012-09,66,67,1.0151515151515151,10,6.6
2012-10,103,106,1.029126213592233,13,7.923076923076923
2012-11,67,69,1.0298507462686568,13,5.153846153846154
2012-12,88,93,1.0568181818181819,13,6.769230769230769
2013-01,94,99,1.053191489361702,17,5.529411764705882
2013-02,60,62,1.0333333333333334,10,6.0
2013-03,84,84,1.0,15,5.6
2013-04,48,49,1.0208333333333333,12,4.0
2013-05,66,77,1.1666666666666667,15,4.4
2013-06,75,77,1.0266666666666666,15,5.0
2013-07,37,39,1.054054054054054,13,2.8461538461538463
2013-08,59,60,1.0169491525423728,19,3.1052631578947367
2013-09,80,92,1.15,13,6.153846153846154
2013-10,81,90,1.1111111111111112,11,7.363636363636363
2013-11,87,103,1.1839080459770115,13,6.6923076923076925
2013-12,40,49,1.225,10,4.0
2014-01,56,65,1.1607142857142858,14,4.0
2014-02,75,86,1.1466666666666667,12,6.25
2014-03,89,99,1.1123595505617978,11,8.090909090909092
2014-04,90,99,1.1,14,6.428571428571429
2014-05,83,92,1.108433734939759,11,7.545454545454546
2014-06,91,107,1.1758241758241759,15,6.066666666666666
2014-07,65,78,1.2,11,5.909090909090909
2014-08,54,64,1.1851851851851851,12,4.5
2014-09,60,68,1.1333333333333333,13,4.615384615384615
2014-10,78,91,1.1666666666666667,15,5.2
2014-11,82,94,1.146341463414634,14,5.857142857142857
2014-12,75,83,1.1066666666666667,15,5.0
2015-01,102,105,1.0294117647058822,12,8.5
2015-02,163,171,1.049079754601227,17,9.588235294117647
2015-03,141,156,1.1063829787234043,16,8.8125
2015-04,88,115,1.3068181818181819,17,5.176470588235294
2015-05,80,101,1.2625,12,6.666666666666667
2015-06,65,82,1.2615384615384615,13,5.0
2015-07,59,77,1.305084745762712,17,3.4705882352941178
2015-08,41,49,1.1951219512195121,10,4.1
2015-09,117,141,1.205128205128205,11,10.636363636363637
2015-10,137,168,1.2262773722627738,11,12.454545454545455
2015-11,102,122,1.196078431372549,12,8.5
2015-12,83,104,1.2530120481927711,16,5.1875
2016-01,65,77,1.1846153846153846,13,5.0
2016-02,59,61,1.0338983050847457,11,5.363636363636363
2016-03,78,92,1.1794871794871795,13,6.0
2016-04,52,62,1.1923076923076923,10,5.2
2016-05,119,127,1.0672268907563025,14,8.5
2016-06,59,70,1.1864406779661016,13,4.538461538461538
2016-07,77,95,1.2337662337662338,12,6.416666666666667
2016-08,90,100,1.1111111111111112,12,7.5
2016-09,70,80,1.1428571428571428,13,5.384615384615385
2016-10,127,140,1.1023622047244095,17,7.470588235294118
2016-11,143,166,1.1608391608391608,22,6.5
2016-12,168,184,1.0952380952380953,16,10.5
2017-01,143,165,1.1538461538461537,16,8.9375
2017-02,79,97,1.2278481012658229,15,5.266666666666667
2017-03,72,94,1.3055555555555556,12,6.0
2017-04,48,63,1.3125,11,4.363636363636363
2017-05,80,110,1.375,13,6.153846153846154
2017-06,70,96,1.3714285714285714,11,6.363636363636363
2017-07,69,85,1.2318840579710144,13,5.3076923076923075
2017-08,190,205,1.0789473684210527,12,15.833333333333334
2017-09,75,85,1.1333333333333333,15,5.0
2017-10,59,72,1.2203389830508475,14,4.214285714285714
2017-11,103,124,1.203883495145631,18,5.722222222222222
2017-12,111,136,1.2252252252252251,16,6.9375
2018-01,121,134,1.1074380165289257,17,7.117647058823529
2018-02,83,93,1.1204819277108433,12,6.916666666666667
2018-03,93,102,1.096774193548387,18,5.166666666666667
2018-04,111,121,1.09009009009009,17,6.529411764705882
2018-05,129,133,1.0310077519379846,17,7.588235294117647
2018-06,34,36,1.0588235294117647,15,2.2666666666666666
2018-07,83,90,1.0843373493975903,15,5.533333333333333
2018-08,69,74,1.0724637681159421,14,4.928571428571429
2018-09,99,111,1.121212121212121,16,6.1875
2018-10,96,105,1.09375,18,5.333333333333333
2018-11,73,78,1.0684931506849316,12,6.083333333333333
2018-12,122,133,1.0901639344262295,11,11.090909090909092
2019-01,98,107,1.0918367346938775,20,4.9
2019-02,121,129,1.0661157024793388,19,6.368421052631579
2019-03,164,189,1.1524390243902438,21,7.809523809523809
2019-04,97,109,1.1237113402061856,21,4.619047619047619
2019-05,122,129,1.0573770491803278,25,4.88
2019-06,120,153,1.275,25,4.8
2019-07,160,227,1.41875,20,8.0
2019-08,201,252,1.2537313432835822,19,10.578947368421053
2019-09,153,199,1.3006535947712419,20,7.65
2019-10,198,254,1.2828282828282829,22,9.0
2019-11,173,213,1.23121387283237,20,8.65
2019-12,255,291,1.1411764705882352,22,11.590909090909092
2020-01,200,244,1.22,26,7.6923076923076925
2020-02,232,305,1.3146551724137931,24,9.666666666666666
2020-03,203,275,1.354679802955665,24,8.458333333333334
2020-04,113,131,1.1592920353982301,27,4.185185185185185
2020-05,97,124,1.2783505154639174,26,3.730769230769231
2020-06,125,176,1.408,23,5.434782608695652
2020-07,86,139,1.6162790697674418,19,4.526315789473684
2020-08,80,128,1.6,20,4.0
2020-09,130,184,1.4153846153846155,26,5.0
2020-10,162,249,1.537037037037037,24,6.75
2020-11,67,92,1.373134328358209,19,3.526315789473684
2020-12,80,112,1.4,23,3.4782608695652173
2021-01,127,175,1.3779527559055118,27,4.703703703703703
2021-02,2014,2396,1.1896722939424031,48,41.958333333333336
2021-03,1847,2361,1.2782891174878181,50,36.94
2021-04,1436,1731,1.2054317548746518,35,41.02857142857143
2021-05,2215,2609,1.1778781038374717,33,67.12121212121212
2021-06,1488,1822,1.2244623655913978,30,49.6
2021-07,1233,1436,1.164639091646391,30,41.1
2021-08,1288,1542,1.1972049689440993,33,39.03030303030303
2021-09,1843,2192,1.1893651654910473,28,65.82142857142857
2021-10,1847,2311,1.2512181916621548,27,68.4074074074074
2021-11,1809,2265,1.252072968490879,28,64.60714285714286
2021-12,1767,2177,1.2320316921335597,31,57.0
2022-01,1905,2404,1.2619422572178478,33,57.72727272727273
2022-02,1561,1963,1.2575272261370916,28,55.75
2022-03,1559,1972,1.2649134060295062,29,53.758620689655174
2022-04,1585,2134,1.346372239747634,30,52.833333333333336
2022-05,1770,2404,1.3581920903954803,25,70.8
2022-06,1661,2285,1.3756773028296208,28,59.32142857142857
2022-07,1606,2366,1.473225404732254,28,57.357142857142854
2022-08,1737,2705,1.5572826712723087,26,66.8076923076923
2022-09,1818,2875,1.5814081408140814,26,69.92307692307692
2022-10,1740,2945,1.6925287356321839,29,60.0
2022-11,1765,3025,1.7138810198300283,28,63.035714285714285
2022-12,1571,2564,1.632081476766391,25,62.84
2023-01,1710,2628,1.5368421052631578,24,71.25
2023-02,1569,2466,1.5717017208413002,26,60.34615384615385
2023-03,1572,2518,1.6017811704834606,27,58.22222222222222
2023-04,1327,2276,1.7151469480030144,28,47.392857142857146
2023-05,1448,2370,1.6367403314917126,26,55.69230769230769
2023-06,1442,2350,1.6296809986130374,28,51.5
2023-07,1605,2688,1.674766355140187,27,59.44444444444444
2023-08,1560,2622,1.6807692307692308,26,60.0
2023-09,1512,2735,1.808862433862434,27,56.0
2023-10,1548,2696,1.7416020671834624,30,51.6
2023-11,1960,3492,1.7816326530612245,32,61.25
2023-12,1861,3026,1.6260075228371844,27,68.92592592592592
2024-01,1705,2942,1.7255131964809385,37,46.08108108108108
2024-02,1552,2669,1.719716494845361,27,57.48148148148148
2024-03,1656,2960,1.78743961352657,26,63.69230769230769
2024-04,1473,2506,1.7012898845892737,26,56.65384615384615
2024-05,1320,2359,1.787121212121212,31,42.58064516129032
2024-06,1280,2396,1.871875,26,49.23076923076923
2024-07,1426,2657,1.8632538569424966,27,52.81481481481482
2024-08,1395,2552,1.8293906810035843,26,53.65384615384615
2024-09,1180,2354,1.994915254237288,29,40.689655172413794
2024-10,1307,2568,1.964804896710023,29,45.06896551724138
2024-11,1475,2600,1.7627118644067796,29,50.86206896551724
2024-12,1368,2560,1.871345029239766,27,50.666666666666664
2025-01,1376,2629,1.910610465116279,34,40.470588235294116
2025-02,1298,2339,1.8020030816640986,32,40.5625
2025-03,1235,2277,1.8437246963562752,29,42.58620689655172
2025-04,1172,2185,1.8643344709897611,27,43.407407407407405
2025-05,1216,2221,1.8264802631578947,26,46.76923076923077
2025-06,1295,2302,1.7776061776061776,28,46.25
2025-07,1211,2504,2.0677126341866225,33,36.696969696969695
2025-08,1323,2323,1.7558578987150415,30,44.1
2025-09,1186,2284,1.9258010118043845,28,42.357142857142854
2025-10,1138,1988,1.7469244288224957,32,35.5625
2025-11,1134,2311,2.0379188712522045,32,35.4375
2025-12,1200,2200,1.8333333333333333,29,41.37931034482759
2026-01,1309,2380,1.8181818181818181,33,39.666666666666664
2026-02,1110,2001,1.8027027027027027,27,41.111111111111114
2026-03,1187,2190,1.8449873631002527,29,40.93103448275862
2026-04,441,798,1.8095238095238095,27,16.333333333333332
